nomePdf,orgao,processo,ementa,texto
./pdfs/1.pdf,CONSELHO ADMINISTRATIVO DE RECURSOS FISCAIS,10670.00115.3/2004-77,"ASSUNTO: IMPOSTO SOBRE A RENDA DE PESSOA JURÍDICA - MIM
Ano-calendário: 2002

RENDIMENTOS, MÚTUO ENTRE COLIGADAS, INCLUSÃO NA BASE DE CÁLCULO,
Os rendimentos obtidos em operações de mútuo realizadas entre pessoas
jurídicas controladoras, controladas, coligadas ou interligadas devem ser
acrescidos à receita bruta para cálculo da base de incidência das estimativas
mensais.

BENEFÍCIO FISCAL DE REDUÇÃO DO IMPOSTO, EMPREENDIMENTOS JUNTO À
SUDENE

O beneficio fiscal de redução do imposto previsto no artigo 14 da Lei n°
4,239, de 1963, foi extinto a partir de 1' de janeiro de 2001 (MP 2,199, de
2001, art. 2°). In casu, a interessada somente veio a ter novamente
reconhecido o direito ao beneficio de redução de imposto, em 13 de fevereiro
de 200.3, por ato próprio do Delegado da DRF em Montes Claros/MG, razão
pela qual, no ano-calendário 2002, não fazia jus à redução do imposto,

ASSUNTO: NORMAS GERAIS DE DIREITO TRIBUTÁRIO
Ano-calendário: 2002

FALTA OU INSUFICIÊNCIA DE RECOLHIMENTO DE ESTIMATIVAS MENSAIS,
CONSTATAÇÃO APÓS O ENCERRAMENTO DO ANO-CALENDÁRIO, INCIDÊNCIA
DE MULTA ISOLADA,

A aplicação da multa isolada independe da apuração de resultado positivo
sendo passível de ser exigida em qualquer situação, com ou sem base de
imposto final, bastando apenas que se constate o dever - não observado - de
recolher antecipações, mediante estimativas.
Recurso Voluntário Negado.

Vistos, relatados e discutidos os presente autos.","ASSUNTO: IMPOSTO SOBRE A RENDA DE PESSOA JURÍDICA - MIM
Ano-calendário: 2002

RENDIMENTOS, MÚTUO ENTRE COLIGADAS, INCLUSÃO NA BASE DE CÁLCULO,
Os rendimentos obtidos em operações de mútuo realizadas entre pessoas
jurídicas controladoras, controladas, coligadas ou interligadas devem ser
acrescidos à receita bruta para cálculo da base de incidência das estimativas
mensais.

BENEFÍCIO FISCAL DE REDUÇÃO DO IMPOSTO, EMPREENDIMENTOS JUNTO À
SUDENE

O beneficio fiscal de redução do imposto previsto no artigo 14 da Lei n°
4,239, de 1963, foi extinto a partir de 1' de janeiro de 2001 (MP 2,199, de
2001, art. 2°). In casu, a interessada somente veio a ter novamente
reconhecido o direito ao beneficio de redução de imposto, em 13 de fevereiro
de 200.3, por ato próprio do Delegado da DRF em Montes Claros/MG, razão
pela qual, no ano-calendário 2002, não fazia jus à redução do imposto,

ASSUNTO: NORMAS GERAIS DE DIREITO TRIBUTÁRIO
Ano-calendário: 2002

FALTA OU INSUFICIÊNCIA DE RECOLHIMENTO DE ESTIMATIVAS MENSAIS,
CONSTATAÇÃO APÓS O ENCERRAMENTO DO ANO-CALENDÁRIO, INCIDÊNCIA
DE MULTA ISOLADA,

A aplicação da multa isolada independe da apuração de resultado positivo
sendo passível de ser exigida em qualquer situação, com ou sem base de
imposto final, bastando apenas que se constate o dever - não observado - de
recolher antecipações, mediante estimativas.
Recurso Voluntário Negado.

Vistos, relatados e discutidos os presente autos.

Acordam os membros do colegiada, Pelo voto de qualidade, negar
provimento ao recurso, nos termos do relatório e voto que integram o presente julgado.
Vencidos os conselheiros Guilherme Polastri Gomes, André Almeida Blanco e Rogério Garcia
Peres que davam provimento ao recurso. O Conselheiro André Almeida Blanco apresentará
declaração de voto.

ANA DE BARROS FERNANDES - Presidente

MARIA L

oi \int /13rp,
FURDES MIREZ Relatora

EDITADO EM: 20 

DEZ zoitr

Participaram da sessão de julgamento os Conselheiros: Carmen] Ferreira
Saraiva, Guilherme Polastri Gomes, Maria de Lourdes  .Ramirez, André Almeida Blanco,
Rogério Garcia Peres e Ana de Barros Fernandes.

Relatório

Trata-se de auto de infração à legislação do Imposto sobre a Renda da Pessoa
Jurídica — IRPJ, (fls. 04 a 11) que constituiu o crédito tributário no valor total de R$
525.992,14, correspondente à multa de oficio exigida isoladamente, tendo em conta a apuração,
no ano-calendário 2002, das seguintes irregularidades assim descritas na Descrição dos Fatos e
Enquadramento Legal do Auto de Infração — fls. 06 a 08 e anexos integrantes às fis, 12 a 16:

""( )

001 - MULTAS ISOLADAS
FALTA DE RECOLHIMENTO DO IRP1 SOBRE BASE DE CÁLCULO
ES11MADA

Nas verificações referentes à apuração das estimativas mensais constatou-se o
recolhimento a menor da (estimativa do IRPT nos períodos de março/2002 a dezembro/2002

Verificou-se que o contribuinte, que optou pela apuração anual do IRP,T, no ano
calendário 2002, estando obrigado ao recolhimento do imposto de renda mensal por.
estimativa, incorreu nas seguintes infrações/incorreções:

1) não incluiu, na base de cálculo do IRPJ devido mensalmente com base na receita
bruta e acréscimos, os valores referentes a juros recebidos sobre operações com coligadas,
registrados na conta contábil 720 12;

2) no período de apuração maio/2002, utilizou-se, indevidamente, de beneficio de
redução no percentual de 37,5% sobre a venda de leite pré-condensado, no valor de R$
42 968,25 - que consta do ANEXO 1 - CÁLCULO DA ISENÇÃO/REDUÇÃO fRPJ do
demonstrativo CÁLCULO POR ESTIMATIVA - IRPJ apresentado pelo contribuinte;

2

Processo n° 10670.001153/2004-77	
Acórdão n ° 1801-00265	

S1-TE01
Fl 2

3) quando da apuração da isenção do IRP.I mensal, que consta do mesmo  anexo do
demonstrativo apresentado pelo contribuinte, não deduziu da base de cálculo (receita isenta
mensal), o valor de R$ 20 000,00 mensais para cálculo do adicional à alíquota de 10%
Assim, o valor da isenção restou majorado em R$ 2 000,00 (dois mil reais) a cada período de
apuração.

Em fiscalização anterior em que foi lavrado o auto de infração 10670 001327/2002-
30, o contribuinte apresentou como .justificativa para a não inclusão dos juros sobre
operações de mútuo com coligadas na base de cálculo do IRPI antecipado mensalmente, uma
possível equiparação deste tipo de receita à aplicação financeira de renda fixa, as quais
conforme o art 225 do RIR199, não são incluídas na antecipação mensal Todavia, a não
inclusão destes valores na base de cálculo do IR mensal é indevida, urna vez que tais receitas
somente são equiparadas às operações de renda fixa para fins de incidência do Imposta de
Renda na Fonte, conforme preceituado no caput do art. 70 da Lei 8.981, de 20/01/1995 O
artigo 40 da Instrução Normativa SRF 93/97 dispôs que ""serão acrescidos à base de cálculo,
no mês em que forem auferidos, os ganhos de capital, as demais receitas e os resultados
positivos decorrentes de receitas não compreendidas na/atividade, inclusive:

I - os rendimentos auferidosonas operações de mútuo realizadas entre pessoas jurídicas
controladoras, controladas, coligadas ou interligadas, exceto se a mutuaria for instituição
autorizada funcionar pelo Banco Central do Brasil""

Assim sendo, tais receitas foram incluídas na apuração das estimativas mensais.

Com relação ao beneficio de redução, conforme consta da representação fiscal
constante do processo 10670000181/2004-77 - cópia as folhas 76 a 80, o contribuinte está
desacobertado do referido beneficio no período de 1° de janeiro de 2001 a 16 de julho de
2002, em razão do disposto no art. 3° da Medida Provisória tf 2 199 de 24/08/2001 e
regulamentações do Decreto n° 4.213, de 26/04/2002 Merece destaque o fato do
Contribuinte não haver se utilizado do beneficio de redução na apuração anual do IRP.I,
conforme se constata na análise da ficha 10 da DIP.1/2003 (folha 81). A exclusão do
beneficio de redução consta do DEMONSTRATIVO DE APURAÇÃO DA DEDUÇÃO
INDEVIDA DE INCENTIVO FISCAL. DE ISENÇÃO/REDUÇÃO - 2002.

O art. 542 do Decreto n° 3000, RIR/99, que trata do adicional do imposto de renda
dispõe: -""A parcela do lucro real, presumido ou arbitrado que exceder o valor resultante da
multiplicação de vinte mil reais pelo número de meses do respectivo período de apuração,
sujeita-se à incidência de adicional de imposto à alíquota de dez por cento (L ei . 9 249, de
1995, art. 3°, 1', e Lei ri° 9.430, de 1996, art. 4 0) 1 . Quando da apuração do beneficio de
isenção e redução mensal, o contribuinte deveria ter aplicado a aliquota de 10% sobre a
parcela da receita isenta mensal apurada excedente ao valor de R$ 20 000,00 Todavia o
contribuinte aplicou a aliquota de 10%, referente ao adicional, sobre a totalidade da receita
isenta mensal apurada, adotando critério diverso daquele utilizado para a apuração do
adicional devido sobre a estimativa mensal. Através deste expediente o contribuinte
aumentou, indevidamente, o valor da isenção/redução mensal em R$ 2.000,00 (dois mil
reais). A exclusão dos valores indevidos também constam do DEMONSTRATIVO DE
APURAÇÃO DA DEDUÇÃO INDEVIDA DE INCENTIVO FISCAL. DE
ISENÇÃO/REDUÇÃO - 2002, que é parte integrante deste auto de infração.

Os valores lançados através do presente auto de infração constam do
DEMONSTRATIVO DA MULTA SOBRE. ESTIMATIVA NÃO RECOLHIDA,
APUPADA COM BASE. NA RECEITA BRUTA E ACRÉSCIMOS, que constitui parte
integrante do presente auto de infração

Data	
31/03/2002	
30/04/2002	
31/05/2002	
30/06/2002	
31/07/2002	

R$	
R$	
R$	
R$	
R$	

Valor Multa Isolada
53 611,84
52 628,81
54 514,24
55 031,99
55 887,63

3

31/08/2002	
30/09/2002	
31/10/2002	
30/11/2002	
31/12/2002	

R$	
R$	
R$	
R$	
R$	

48 707,99
49. 842,28
51. 344,56
52 417,24
52.005,56

Enquadramento Legal:
Arts 222, 841, incisos III, IV, VI e parágrafo único, 843, e 957, parágrafo único,

inciso IV, do RIR199

A empresa foi cientificada do lançamento, na pessoa de seu representante
legal e em 14/12/2004 protocolizou a impugnação de fls. 106 a 111 alegando, em síntese, que o
pagamento por estimativa e a apuração da respectiva base de cálculo sujeitar-se-iam, no
período dos mútuos, ao disposto nos artigos 222 e seguintes do RIR/2001, e que teria
obedecido ao disposto no § 1° do art. 225 do Decreto 3.000, de 26.03.99.

cálculo, seria imperiosa a dedução do Imposto de Renda Retido na Fonte.

Afirma que, ao se admitir que os juros devessem ser acrescidos à base de

Alega que o beneficio fiscal de isenção de 50% do imposto de renda para as
empresas industriais e agrícolas que estivessem operando na área da SUDENE, não teria sido
revogado e que o art. 14 da Lei n"". 4.239, de 27..06,63, ao conceder isenção por prazo certo e
em função de determinadas condições, não poderia  ser revogado ou modificado por outra lei,
fazendo juntar os documentos de fis.112/122„

Julgamento da DRJ no Rio de Janeiro/RJOI julgou o lançamento parcialmente procedente.

Pelo Acórdão	

12-15,191, de 26/07/2007 (fls. 128 a 134), a l a. Turma de

Inicialmente aquela autoridade alertou que o item ""compensação indevida no
período de apuração (maio/02), face à correção monetária de crédito relativo a pagamento
indevido incorretamente efetuado"" não teria sido objeto de lançamento no presente processo.

No mérito, em relação aos valores auferidos a título de juros sobre contratos
de mútuo com empresas coligadas, afirmou que mútuo não se equipara a aplicação financeira,
por ausência de disposição legal nesse sentido e que o art, 4 0 da Instrução Normativa SRF n°
93/97, deixaria claro que os rendimentos auferidos nas operações de mútuo realizadas entre
pessoas jurídicas controladoras, controladas, coligadas ou interligados devem compor a base de
cálculo no mês em que furem auferidos.

Observou que a competência para reconhecimento e concessão de beneficio
de redução de imposto é da Receita Federal, nos termos do artigo 16 da Lei n o 4219, de 1963 e
que à SUDENE caberia apenas a concessão do beneficio de isenção do imposto, corno dispõe o
artigo 37 da Lei	

5.508, de 1968.

Nesse contexto o artigo 553 do Decreto n° 3000, de 1999 — RIR199,
estabeleceu que a pessoa jurídica que mantivesse em operação empreendimento industrial ou
agrícola na área da SUDENE deveria apresentar requerimento ao Delegado da Receita Federal
de sua jurisdição solicitando o beneficio à redução do imposto de renda, demonstrando o
atendimento às condições mínimas para o gozo do favor fiscal, observando, ainda, que o direito
da contribuinte de usufruir de beneficio, até 2,013, teria sido adquirido apenas em relação ao
beneficio de isenção, preconizado no artigo 13 da Lei n""., 4,239/63, e não em relação ao
beneficio de redução, previsto no artigo 14 do mesmo diploma legal, cuja única exigência seria
o imprescindível reconhecimento do beneficio pelo Delegado da Receita Federal titular da
jurisdição.

4

Processo n"" 10670 001153/2004-77	
Acórdão o "" 1801-00265	

SI-TE01
El 3

Consignou que o beneficio de redução do imposto e adicionais não
restituiveis foi extinto a partir de 1° de janeiro de 2001 pelo artigo 2' da MP 2.058, de 2000,
com exceção daqueles que viessem a ser considerados pelo Poder Executivo como prioritários
para o desenvolvimento regional e que, no presente caso, somente em 1.3/02/2003 teria sido
editado o Ato Declaratório Executivo DRF/MCR/MG n° 036, de 1.3.02.2003 que reconheceu o
beneficio de redução de imposto à interessada.

Logo, o Auto de Infração estaria correto, pois a interessada estaria sem
cobertura do referido beneficio no período de 1 ° de janeiro de 2001 a 16 de julho de 2002 e,
portanto, a multa isolada em face do não pagamento do IRPJ estimado incidente sobre as bases
de cálculo seria devida, com a competente redução, para 50%, nos termos do artigo 14 da Lei
n"". 11.488, de 2007, combinado com o artigo 106, II do CTN, conforme demonstrativo ao final
do voto (fl. 134).

Cientificada, em 24/08/2007, do Acórdão da DRJ no Rio de Janeiro/R301
(conforme comprova o AR de E. 139), a contribuinte interpôs, em 24/09/2007, Recurso
Voluntário em face deste Colegiado, no qual reitera todos os argumentos expendidos na
impugnação, acrescentando que a multa isolada não poderia ser aplicada após o encerramento
do ano-calendário, com a apuração e o recolhimento dos tributos devidos com base no balanço
anual e entrega das respectivas declarações, conforme ilustraria a jurisprudência administrativa
colacionada, pugnando, ao final, pelo cancelamento da autuação, ou, em suas palavras
sucessivamente, se assim não for decidido, para se determinar a incidência sobre a diferença
entre o imposto anual e o apurado por estimativa, se houver; procedendo-se à indispensável
liquidação, para esta quantificação.""

É o relatório.

Voto

Conselheira Maria de Lourdes Ramirez

pelo que dele tomo conhecimento..

O Recurso é tempestivo e dotado dos pressupostos para sua admissibilidade,

MÉRITO

Cumpre, inicialmente, consignar que não tem amparo legal algum o
procedimento adotado pela recorrente de não incluir, nas bases de cálculo das estimativas
mensais, os valores dos mútuos pactuados com empresas do mesmo grupo, ao argumento de
que tais operações estariam equiparadas às operações financeiras de renda fixa, pois assim teria
ficado definido pelo artigo 70 da Lei ir 8.541, de 23 de dezembro de 1992.

Não tem guarida tal entendimento. O Legislador Ordinário apenas e
exclusivamente elegeu o mútuo como grandeza, como base de cálculo para incidência de
IRRF. Não há, por esta razão, motivo para se equiparar o mútuo a uma aplicação financeira de
renda fixa, para fins de determinar a base de cálculo do IRPJ que é tributo distinto do IRRF. É
o que se verifica da leitura do capta mencionado do dispositivo legal:

5

Art. 70. As operações de mútuo e de compra vinculada à
revenda, no mercado secundário, tendo por objeto ouro, ativo
financeiro, continuam equiparadas às operações de renda ,fixa
para fins de incidência do imposto de renda na fonte

Nem se diga que houve interpretação equivocada da recorrente, pois o
comando legal é claro, nele não se encontrando qualquer omissão, obscuridade ou lacuna que
mereça ou necessite de interpretação que não seja a literal,

Ademais, como bem ressaltou a autoridade julgadora de P Instância, há
comando normativo expresso no sentido de que os valores auferidos em operações de mútuo
entre empresas do mesmo grupo devem integrar a base de cálculo para incidência das
estimativas mensais.

IN SRF n"", 93, de 24 de dezembro de 1997, art. 4"":

Art.C. Serão acrescidos à base de cálculo, no mês em que
forem auferidos, os ganhos de capital, as demais receitas e os
resultados positivos decorrentes de receitas não compreendidas
na atividade, inclusive..

- os rendimentos  auferidos nas operações  de mútuo realizadas
entre pessoas jurídicas controladoras, controladas, coligadas
ou interligadas, exceto se a mutuária for instituição autorizada a
funcionar pelo Banco Central do Brasil,.

Quanto ao IRRF incidente sobre os rendimentos auferidos com operações de
mútuo, sua dedução só é admitida quando forem adimplidas duas condições: (i) restar
comprovada a sua efetiva retenção e recolhimento e, (ii) quando comprovado, também, que os
rendimentos que deram origem à retenção foram oferecidos à tributação. O ônus dessa prova
compete ao contribuinte que, in caszt, deixou de fazê-lo.

No que toca ao gozo do beneficio de redução do imposto de se consignar que
a recorrente pretende, uma vez mais, dar interpretação própria aos comandos legais que regem
a matéria ao atribuir ao beneficio de redução de imposto, a que se refere o artigo 14 da Lei
4,2.39, de 1963, as mesmas peculiaridades atribuídas pelo Legislador ao beneficio de isenção de
imposto, previsto no artigo 13 do mesmo diploma legal.

Nesse contexto, cumpre trazer à colação tais dispositivos.

Lei n"", 4,239, de 27 de junho de 1963.

Aprova o Plano Diretor do Desenvolvimento do Nordeste para
os anos de 1963, 1964 e 1965, e dá outras providências.

CAPITULO III

Dos incentivos .fiscais

Art. 13. Os empreendimentos industriais e agrícolas  que se
instalarem na área de atuação da SUDENE,  até o exercício de
1968, inclusive, ficarão isentos de imposto de renda e adicionais
não restituíveis, pelo prazo de 10 atlas, a contar da entrada em
operação de cada empreendimento.

6

Processo n° 10670001153/2004-77	
Acórdilo o ° 1801-00.265	

SI-TE01
F1 4

Art, 14. Até o exercício de 1973 inclusive, os empreendimentos
industriais e agrícolas que estiverem operando na área de
atuação da SUDENE à data da publicação desta lei, pacarão
com a  redução de 50% (cinqüenta por cento) o imposto de
renda e adicionais não restituíveis. 

(destaques acrescidos)

refere o artigo 14.

In casu, o que se está a analisar é o beneficio de redução do imposto a que se

Destaque-se que a competência para o reconhecimento do benefício de
redução do imposto a que alude o artigo 14 acima transcrito cabe à Receita Federal, mediante a
apresentação, pelo interessado, de documento fornecido pela SUDENE, no sentido de cumprir
as exigências para o seu gozo, conforme disciplinou o art. 16 do mesmo diploma legal:

Art. 16 A SUDENE, mediante as cautelas que instituir,
.fornecerá, as empresas interessadas, declaração de que
satisfazem as condições exigidas para o benefício da isenção a
que se refere o artigo 13, ou da redução prevista no artigo 14,
documento que instruirá o processo de reconhecimento pelo
Diretor da Divisão do Imposto de Renda, do direito das
empresas ao favor tributário.

A Lei n° 5.508, de 11 de outubro de 1.968, em seu artigo 37, atribuiu
competência à SUDENE para reconhecer apenas o beneficio de isenção do imposto de renda
previsto no art. 13 da Lei n° 4,239, de 1963, permanecendo com a Secretaria da Receita
Federal a competência para reconhecer o beneficio de redução do imposto de renda prevista no
artigo 14.

Art. 37. Os benefícios previstos no art. 13 da Lei n"". 4.239, de 27
de junho de 1963, modificado pelo art. 34 desta Lei, uma vez
reconhecidos pela SUDENE serão comunicados às Delegacias
Regionais e Seccionais do Imposto de Renda para tomarem
conhecimento da concessão.

(destaques acrescidos)

Disciplinando a matéria, o artigo 55.3 do Decreto n° 3000, de 26 de março de
1999 — Regulamento do Imposto de Renda (RIR/1999), reeditando a norma inserida nos
regulamentos anteriores, estabeleceu que o direito à redução do imposto de renda em relação
ao empreendimento industrial ou agrícola que a pessoa jurídica mantiver em operação na área
de atuação da SUDENE, será reconhecido pelo Delegado da Receita Federal, mediante
requerimento da pessoa jurídica interessada, o qual deverá ser instruído com a mencionada
declaração expedida pela SUDENE atestando que estariam satisfeitas as condições mínimas
para o gozo do favor fiscal.

Tratando-se, o beneficio em questão, de redução de imposto e não de isenção,
fica afastada a argumentação da interessada de que teria o direito adquirido ao beneficio até o
ano de 2.013, uma vez que o comando legal regulador não poderia ser modificado ou revogado
por outra lei, nos termos do artigo 178 do CTN, ora reproduzido:

Art. 178. A isenção, salvo se concedida por prazo certo e em
.fienção de determinadas condições, pode ser revogada ou

(/)

7

modificada por lei, a qualquer tempo, observado o disposto no
inciso Hl do art. 104

Não havendo impedimento legal para modificação das regras para concessão,
gozo e cálculo do beneficio de redução do imposto previsto no artigo 14 da Lei n'. 4.239, de
1963, a Lei n° 9.532/97, no artigo, 3 0, § 2°, incisos 1, II e III e § 3', determinou que os
benefícios fiscais de redução do imposto de renda e adicionais não restituíveis de que trata o
art. 14 da Lei n° 4239, de 1963, e alterações posteriores, passassem a ser calculados nos
percentuais de 37,5% (de 01/01/1998 a 31/12/2003), 25% (de 01/01/2004 a 31/12/2008) e
12,5% (de 01/01/2009 a 31/12/2013), ficando extintos a partir de primeiro de janeiro de 2014.

.

Em nova modificação legislativa a Medida Provisória n°. 2058,. de
14/12/2000, posteriormente reeditada sob o n"". 2.199, de 24 de agosto de 2001, determinou, no
artigo 2"", a extinção de tal beneficio a partir de 1' de janeiro de 2001, com exceção daqueles
considerados pelo Poder Executivo como prioritários para o desenvolvimento da região:

MP 2A99 de 24/08/2001

Art 2"" Fica extinto, relativamente ao período de apuração
iniciado a partir de 1"" de janeiro de 2001, o benefício fiscal de
redução do imposto sobre a renda e adicionais não restituimis,
de que trata o art. 14 da Lei 1V"". 4.239, de 27 de junho de 1963, e
o art. 22 do Decreto-Lei IV', 756, de 11 de agosto de 1969, exceto
para aqueles empreendimentos dos setores da economia que
venham a ser considerados, pelo Poder Executivo, prioritários
para o desenvolvimento regional, e para os que têm sede na área
de jurisdição da Zona Franca de Manaus.

De se ressaltar que, de acordo com o artigo 2° da E.C. n'. 32/2001, as
Medidas Provisórias que não foram convertidas em lei até a data de sua promulgação
continuam em vigor até que o Congresso Nacional as converta em Lei ou as rejeite.

'Tendo em conta que o empreendimento da interessada não foi considerado
prioritário para o desenvolvimento daquela região por qualquer ato do Poder Executivo o
beneficio de redução de imposto de que gozava cessou em 31/12/2000, pela extinção do
beneficio determinada pela MP 2.199, de 2001. A interessada somente veio a ter novamente
reconhecido o direito ao beneficio de redução de imposto, pelo Ato Declaratório Executivo
DRPMCR/MG ri° 36, em 13 de fevereiro de 2003, razão pela qual, no ano-calendário 2002,
não fazia jus à redução do imposto.

Como último argumento a defesa afirma não ser cabível a aplicação de multa
isolada por falta de recolhimento de estimativas mensais após o encerramento do ano-
calendário, depois de apurado e recolhido o tributo devido, colacionando jurisprudência
administrativa deste Órgão Colegiado para ilustrar sua tese.

insuficiência de recolhimento de estimativas é devida em qualquer caso.

Entretanto, esta Relatora considera que a multa isolada por falta ou

A exigência de multa isolada pela falta ou insuficiência de recolhimentos
estimados visa punir a conduta do contribuinte que abandona a regra geral de tributação,  que é
o lucro real trimestral, sem cumprir o requisito para o ingresso na sistemática das estimativas
mensais antecipatórias - dever instrumental, Tal penalidade não se confunde com a multa
aplicável sobre o montante devido de imposto ou contribuição apurado ao final do período de
apuração, pois esta última visa punir a absoluta falta de pagamento de tributo, obrigação

a

Processo n"" 10670 001153/2004-77 	
Acórdão o.° 1801-00.265	

S1-TE01
FI 5

principal, Corno se verifica as hipóteses de incidência são distintas, o que torna os ilícitos
distintos e inconfundíveis

Ambas as penalidades - a multa exigível no caso de falta de pagamento sobre
o IRPJ apurado e devido ao final do período de apuração e a multa isolada por falta ou
insuficiência de recolhimento de estimativas - são aplicáveis por se tratarem, ambas as
situações, de infrações diversas, com hipóteses de incidência distintas: (i) no caso da multa de
oficio exigida juntamente com o tributo ou a contribuição não pagos, o fato ilícito que sustenta
a imputação é a falta de pagamento e a falta de declaração ou declaração inexata do tributo ou
contribuição devidos ao final do período de apuração anual; (ii) no que diz respeito à multa
isolada, a ilicitude decorre da falta de recolhimento das estimativas mensalmente devidas no
curso do ano-calendário.

do artigo 957 do RIR199 transcrevo, em sua redação original:

Extraio tal entendimento da própria Lei 9.430/96, cujo artigo 44, base legal

Lei n"". 9.430, de 26 de dezembro de 1996:

Redação Original

Art. 44. Nos casos de lançamento de alicio, serão aplicadas as
seguintes multas, calculadas sobre a totalidade ou diferença de
tributo ou contribuição.

1- de setenta e cinco por cento, nos casos de falta de pagamento
ou recolhimento, após o vencimento do prazo, sem o acréscimo
de multa moratória, de falta de declaração e nos de declaração
inexata, excetuada a hipótese do inciso seguinte;

""§ I"" As multas de que trata este artigo serão exigidas:

IV - isoladamente, no caso de pessoa jurídica sujeita ao
pagamento do imposto de renda e da contribuição social sobre o
lucro líquido, na forma do art. .2"", que deixar de fazê-lo, ainda
que tenha apurado prejuízo .fiscal ou base de cálculo negativa
para a contribuição social sobre o lucro líquido, no ano-
calendário correspondente;

acima transcrito:

A Lei n"". 11.488, de 15 de junho de 2007 deu nova redação ao artigo 44

Redação Modificada

Art. 44. Nos casos de lançamento de oficio, serão aplicadas as
seguintes multas.

1 - de 75% (setenta e cinco por cento) sobre a totalidade ou
diferença de imposto ou contribuição nos casos de falta de
pagamento ou recolhimento, de falta de declaração e nos de
declaração inexata;

9

II - de 50% (cinqüenta por cento), exigida isoladamente, sobre o
valor do pagamento mensal:

b) na .fbrina do art. 2"" desta Lei, que deixar de ser efetuado,
ainda que tenha sido apurado prejuízo fiscal ou base de cálculo
negativa para a contribuição social sobre o lucro líquido, no
ano-calendário correspondente, no caso de pessoa jurídica.

No que importa à presente análise a nova redação dada ao dispositivo legal
promoveu sutil alteração apartando as infrações distintas em incisos distintos e alterando,
apenas, o valor da multa isolada, originariamente exigida na alíquota de 75%, reduzindo-a para
50%, o que foi observado pela autoridade julgadora  ""a quo"" que, em respeito ao princípio da
retroatividade benigna consagrado no artigo 106 do CTN, exonerou a diferença do crédito
tributário exigido com base na alíquota anterior., Mas o conteúdo jurídico, propriamente dito,
do dispositivo legal não foi alterado.

Nesse contexto o conteúdo jurídico, a dicção do dispositivo não deixa
margem de dúvida acerca do seu alcance. A aplicação da multa isolada independe da apuração
de resultado positivo, ou seja, é aplicável em qualquer situação, com ou sem base de imposto
final, bastando apenas que se constate o dever — não observado - de recolher antecipações,
mediante estimativas, pouco importando se estas possuem apenas um caráter provisório, pois o
que se busca é punir a conduta do contribuinte que, espontaneamente, abandonou a regra geral
de tributação - lucro real trimestral, sem respeitar o requisito para o ingresso na sistemática do
lucro real anual, cujas estimativas mensais antecipatórias são de recolhimento imprescindível.

O contribuinte que deixa de recolher a estimativa está descumprindo norma
específica quanto ao regime de antecipação, prevendo a lei punição para tal ato — multa isolada.
Aquele que deixa de pagar o imposto devido ao final do período de apuração também
descumpre norma específica, o dever de recolher a obrigação principal, para o qual a Lei prevê
a multa de oficio (75%) que será exigida juntamente com o valor do imposto não recolhido.

Entretanto, pode ocorrer de um mesmo contribuinte incidir nos dois tipos.
Deixar de recolher as antecipações obrigatórias, sujeitando-se à penalidade da multa isolada, e,
conjuntamente, deixar de recolher o imposto apurado ao final do ano-calendário, sujeitando-se
ao recolhimento deste imposto acrescido da multa de oficio de 75%.

Há, inclusive, ,jurisprudência administrativa a referendar o entendimento aqui

adotado:

RECURSOS DE OFÍCIO - IRPJ — ESTIMATIVAS — Cabível o
lançamento de multa de oficio isolada na falta de recolhimento
de estimativas, quando o lançamento se dá depois de encerrado
o ano-calendário correspondente [Acórdão 101-96176 -
PRIMEIRA CAMA.RA - Data da Sessão: 24/05/2007 - Relator:
Caio Marcos Cândido]

CSLL MULTA ISOLADA EXIGIDAS,
CONCOMITANTEMENTE, NO LANÇAMENTO —  Por se tratar
de hipóteses legais distintas, são cabíveis, no lançamento de
oficio, a aplicação de multa exigida isoladamente, por falta de
recolhimento dos valores devidos por estimativa, bem como as
que se exigem juntamente com o imposto ou contribuição que
forem apurados no procedimento fiscal. (Inciso II parágrafo
1"",do artigo 44 da Lei 9430) Contudo, nos termos da alínea c, do

10

Processo n0 10670 001153/2004-77	
Acórdão n° 1801-00.265	

SI-TE01
Fl 6

inciso II do artigo 106 do CTN deverá ser aplicado o coeficiente
de 50%, veiculado no artigo 18 da MP303/2006 [Acórdão 108-
08962 - OITAVA Cá/IARA - Data da Sessão: 17/08/2006 -
Relator Ivete Malaquias Pessoa Monteiro].

MULTA DE OFICIO — MESMA BASE DE CÁLCULO —
APLICAÇÃO EM DUPLICIDADE — O lançamento de duas
multas de oficio, sobre a mesma base de cálculo, é possível, visto
tratar-se de duas infrações à lei tributária, tendo por
conseqüência a aplicação de duas penalidades distintas
[Acórdão 101-96049 - PRIMEIRA CÂMARA - Data da Sessão -
28/03/2007 - Relatar.- Caio Marcos Cândido].

falta/insuficiência de recolhimento de estimativas mensais de IRPJ.

Procedente, portanto,  in casu, a aplicação da multa isolada por

Por todo o exposto voto no sentido de negar provimento ao recurso.

, l\z 1,9 _ yyv

( 

MARIA DE

Lái,IRDE' S RiAMIREZ - Relatoraà,

Declaração de Voto

Conselheiro André Almeida Blanco.

Pedi vista dos autos em mesa, com apoio no art, 58, IV, parágrafos 3' e 4° do
Regimento Interno do CARF, para melhor analisar a procedência da aplicação da multa isolada
por falta/insuficiência de recolhimento de estimativas mensais de

De se analisar se ""a aplicação da multa isolada independe da apuração de
resultado positivo sendo passível de ser exigida em qualquer situação, com ou sem base de
imposto final, bastando apenas que se constate o dever — não observado - de recolher
antecipações, mediante estimativas"".

Me parece que não. Explico.

Havendo tributo a ser pago, a multa isolada deve se limitar ao valor da
provisão do tributo. A presente regra tem razão de ser no fato de que o lançamento deverá ser
feito com base e limite no tributo apurado em balanço, já que encerrado o ano calendário sem
que o fisco tenha lançado a multa isolada; a estimativa existe para substituir o imposto, durante
o ano-calendário, quando ainda não se conhece o seu valor. O mesmo tratamento se reserva à
Contribuição Social sobre o Lucro Líquido.

II

Assim, encerrado o ano calendário sem que o fisco tenha lançado a multa
prejuízo ou resultado nulo, descabe o lançamento da multa isolada com base

isolada havendo
em estimativa.

SUPERIOR DE
do Processo no,
relativo ao 1RPJ

Nesse sentido o Acórdão no, 9101-00,167 da 1"" Turma da CÂMARA
RECURSOS FISCAIS, proferido em sessão de 15 de junho de 2009, nos autos
10140.000532/2003-57 (Recurso Especial do Procurador no. 103-138.442),
E OUTRO - MULTA ISOLADA.

Do aresta destaco seu fundamento relativamente à esta matéria e reproduzo  ia

verbis:

""Além disso, a CSLL no ano-calendário de 1999, Exercício de
2000, é descabida porque a empresa apurou crédito de CSLL no
período, estando correto o entendimento do relato, do aresta
ocorrido a respeito.

O artigo 44 da Lei n° 9.430/96 preceitua que a multa de oficio
deve ser calculada sobre a totalidade ou diferença de tributo ou
contribuição apurada no encerramento do ano-calendário, e não
sobre o valor calculado em base estimada no curso do ano-
calendário de correspondência, de sorte que é insubsistente a
aplicação da referida multa diante da falta de estimativa se a
contribuinte recolhe, ao longo do ano, valor igual ou superior ao
apurado em sua escrita fiscal ao final do exercício.

Não tenho dúvida de que, no curso do ano-calendário, a multa é
calculada por estimativa com base na receita bruta que, aí, é a
sua base de cálculo

Todavia, encerrado o período base, levantado o balanço e
apurado o lucro líquido do período, feita a provisão do imposto,
emerge sobranceiro o conceito de tributo referido no art. 44 da
Lei n° 9.430/96 que deve prevalecer como limite para a base de
cálculo da multa isolada, Ou seja, a multa isolada não poderá
exceder esse valor.

Com efeito, o art. 44 da Lei n° 9.430/96 estabelece que a multa
de oficio incide sobre o valor do tributo ou diferença de tributo.
Enquanto não determinado esse valor, a multa por falta de
recolhimento de estimativa, sem levantamento de balanço de
suspensão, é calculada por estimativa, com base na receita
bruta. Encerrado o ano calendário sem que o fisco tenha
lançado a multa isolada, e, se o balanço do exercício apontar.
prejuízo ou resultado nulo, descabe o lançamento da multa
isolada com base em estimativa. Havendo tributo a ser pago, a
multa isolada limitar-se-á ao valor da provisão do tributo. E isto
porque o lançamento terá de ser feito com base e limite no
tributo apurado em balanço, não mais por estimativa, já que ela
existe para substituir' o imposto, durante o ano-calendário,
quando ainda não se conhece o seu valor. O mesmo tratamento
se reserva à Contribuição Social sobre o Lucro Liquido.

Este o entendimento contido no Acórdão CSRF/01-05.201, de
14/0.3/2005, no julgamento do Recurso 108-132.915.""

12

Processo o 10670.001153/2004-77 	
Acórdão n' 1801-00,265	

81-TE01
Fl 7

Do resultado deste recente julgado da I"" Turma da Câmara Superior de
Recursos Fiscais e de outra parte do voto condutor dessume-se que esta é a posição assentada
no âmbito do CARF, consolidando a melhor jurisprudência desta casa. Senão vejamos:

""Por outro lado, é verdade que o Conselho de Contribuintes,
inicialmente, teve interpretações divergentes em suas Câmaras
sobre algumas hipóteses de incidência da multa isolada, até que,
no julgamento do Recurso 108-130 096, a Primeira Turma da
Câmara Superior de Recursos Fiscais, através do Acórdão
CSRF 01-04.915, de 12/04/2004, em voto condutor do ilustre
Conselheiro José Clóvis .Alves, pacificou diversas situações ali
tratadas

Posteriormente, outros julgados desta Turma consolidaram o
entendimento então adotado.

Aperfeiçoando ainda mais essa unificação de jurisprudência
outros acórdãos do Colegiada, como, v g, o Acórdão n°
CSRF/01-05. 65.2, de 27/03/2007, do ilustre Conselheiro Marcos
Vinicius Neder de Lima, quando do julgamento do Recurso n° 1
08-133.750.

No ""leading case"", o relatar, com recurso aos princípios da
razoabilidade, do fino consumado (lucro real anuaí), da
proporcionalidade e com vista ao disposto no art. 112 do Código
Ti -1 Nacional (CTN), em minuciosa motivação,
interpretou o inciso IV do § 1°, do art. 44 da Lei n° 9.4.30/96
subordinando-o ao disposto no ""capta"" do dispositivo, e
examinando diversas situações fática.s com apresentação de
soluções para cada hipótese levantada.""

Com base nestas razões e com apoio na jurisprudência do CARF apontada,
tomo a liberdade de divergir da Ilustre Relatora MARIA DE LOURDES RAMIREZ, com a
devida vênia, e voto no sentido de dar provimento ao recurso do contribuinte,

ANDRÉ ALMEI

13

"
nomePdf,orgao,processo,ementa,texto
./pdfs/2.pdf,CONSELHO ADMINISTRATIVO DE RECURSOS FISCAIS ,16707.003173/2002­32 ,"Assunto: Contribuição Social sobre o Lucro Líquido – CSLL 
Exercícios: 1998 a 2002 
Ementa:  CSLL  ­  MULTA  ISOLADA  ­  ESTIMATIVAS  ­  ANOS 
CALENDÁRIOS JÁ ENCERRADOS ­ LIMITE ­ Após o encerramento do 
ano­calendário, a base de cálculo para efeito de  aplicação da multa isolada 
tem como limite os saldos da contribuição a pagar na declaração de ajuste, 
não  sendo  cabível  a  sua  imposição  no  valor  que  exceder  a  este,  conforme 
jurisprudência da Câmara Superior de Recursos Fiscais. 
 

 
Vistos, relatados e discutidos os presentes autos. ","Assunto: Contribuição Social sobre o Lucro Líquido – CSLL 
Exercícios: 1998 a 2002 
Ementa:  CSLL  ­  MULTA  ISOLADA  ­  ESTIMATIVAS  ­  ANOS 
CALENDÁRIOS JÁ ENCERRADOS ­ LIMITE ­ Após o encerramento do 
ano­calendário, a base de cálculo para efeito de  aplicação da multa isolada 
tem como limite os saldos da contribuição a pagar na declaração de ajuste, 
não  sendo  cabível  a  sua  imposição  no  valor  que  exceder  a  este,  conforme 
jurisprudência da Câmara Superior de Recursos Fiscais. 
 

 
Vistos, relatados e discutidos os presentes autos. 
ACORDAM os membros da 3ª Turma Especial da PRIMEIRA SEÇÃO DE 
JULGAMENTO,  por  maioria  de  votos,  DAR  PROVIMENTO  ao  recurso,  nos  termos  do 
relatório  e  voto  que  passam  a  integrar  o  presente  julgado.  Vencido  o  Conselheiro  Sérgio 
Rodrigues Mendes. 

 
( 

 

 

1

DF  CARF MF

Processo nº 16707.003173/2002­32 
Acórdão n.º 1803­000.539 

 

 

S1­TE03 
Fl. 2 

 

Participaram  do  presente  julgamento  os  Conselheiros  Selene  Ferreira  de 
Moraes, Benedicto Celso Benício Júnior, Walter Adolfo Maresch, Marcelo Fonseca Vicentini e 
Sérgio Rodrigues Mendes. 

 

Relatório 

 
Contra o contribuinte, pessoa jurídica já qualificada nos autos, foi lavrado o 
auto de infração de fls. 27/29, que exige multa isolada, no valor total de R$ 15.217,40, por falta 
de recolhimento das antecipações da CSLL, durante os anos­calendário de 1997 a 2001. 

Na descrição dos fatos, a Fiscalização, considerando a opção da contribuinte 
pela apuração do lucro real anual, relatou que procedeu ao levantamento das bases de cálculo 
da Contribuição Social sobre o Lucro Líquido – Mensal por Estimativa, com base na receita 
bruta e acréscimos, cujos valores estão contidos no demonstrativo (fls. 35/40): ""Composição da 
Base  de  Cálculo  ­  (Apuração  Sintética).  Nesse  demonstrativo,  encontram­se  indicados  os 
valores das receitas mensais auferidas pela empresa. 

Conhecidas as bases de cálculo, foram apurados os valores devidos da CSLL 
Estimativa, que estão contidos no demonstrativo ""Apuração de Débito"" (fls. 41/46), que ainda 
contém os valores dos débitos declarados em DCTF. 

Foram  considerados  todos  os  pagamentos  por  estimativa  efetuados  pelo 

contribuinte, indicados no demonstrativo de ""Pagamentos"" (fls. 47/48). 

Também foram consideradas as compensações referentes ao saldo negativo 
de períodos anteriores e a de 1/3 da COFINS (ano­calendário 1999), conforme demonstrativo 
""Compensação (sem DARF)"" (fls. 49/51). 

A  seguir,  considerando  os  valores  devidos,  declarados  em  DCTF,  pagos  e 
compensados, o Fisco elaborou o ""Demonstrativo de Situação Fiscal Apurada"" (fls. 52/57), no 
qual consta o levantamento das diferenças da CSLL Estimativa devidas pelo contribuinte – ou 
seja, as diferenças não recolhidas nos seus vencimentos nem declaradas em DCTF. 

Considerando, ainda, que o contribuinte efetuou a apuração  e recolhimento 
da CSLL com base no lucro real anual, não cabendo a cobrança da contribuição já recolhida, 
efetuou­se a cobrança de multa isolada correspondente a 75% dos valores das antecipações não 
recolhidos,  nos  termos  da  legislação  então  vigente,  cujos  valores  foram  apurados  na  última 
coluna do ""Demonstrativo de Situação Fiscal Apurada"" (fls. 52/57). 

Tendo sido dele cientificado, em 19/11/2002, o  sujeito passivo contestou o 
lançamento, em 17/12/2002, mediante o instrumento de fls. 429/452. Adiante compendiam­se 
suas razões: 

­ em 20 de novembro de 2002, logo após ter sido notificada do lançamento, 
providenciou  para  obtenção  de  cópias  dos  autos  que  formavam  as  três  exigências  nos 
correspondentes processos. Todavia, diz, em razão da morosidade na formação dos autos pela 
repartição de origem, que somente conseguiu as referidas cópias em 11 de dezembro de 2002. 
Sendo assim, salientou que o prazo para elaboração da impugnação ficou restrito a 07 (sete) 
dias, dos 30 (trinta) que a lei lhe confere. Diante disso, requereu, por motivo de força maior, a 
juntada posterior de documentos imprescindíveis ao julgamento do litígio, conforme autorizava 
o art. 16, § 4º, ""a"", c,/c § 5º; 

­ a acusação inserta no auto de infração é muito clara e objetiva: a empresa 
deixou  de  recolher,  nos  meses  mencionados,  valores  relativos  à  ESTIMATIVA  DA  CSLL, 
totalizando R$ 19.127,56, no período de 1997 a 2002. A resposta à acusação também se revela 
objetiva  e  contundente:  não  existem  quaisquer  diferenças  não  recolhidas,  a  título  de 

 

 

2

DF  CARF MF

Processo nº 16707.003173/2002­32 
Acórdão n.º 1803­000.539 

Fl. 3

S1­TE03 
Fl. 3 

 

 
ESTIMATIVA  DA  CSLL,  nos  períodos  mencionados.  A  prova  dessa  assertiva  reside  no 
confronto entre a CSLL devida anualmente e as antecipações devidas, período por período; 

­ em todos os períodos os VALORES DAS ANTECIPAÇÕES ultrapassam a 
CSLL  DEVIDA,  desde  1995  a  2001,  resultando  em  SALDO  NEGATIVO  DA  CSLL,  a 
compensar.  Por  esse  motivo,  não  há  que  se  falar  em  FALTA  DE  RECOLHIMENTO  DAS 
ANTECIPAÇÕES, porquanto a empresa dispunha, desde 1994, de CRÉDITOS FISCAIS, que 
ultrapassavam aos valores das antecipações como não recolhidas; 

­  a  empresa  RECOLHEU,  A  MAIOR,  CSLL  em  todos  os  exercícios, 

dispondo de crédito suficiente para compensar as ditas diferenças; 

­  a  impugnante  citou  acórdãos  do  extinto  Conselho  de  Contribuintes,  no 
sentido que encerrado o período de apuração da contribuição, a exigência de recolhimentos por 
estimativa deixou de ter sua eficácia, prevalecendo a exigência da contribuição efetivamente 
devida e apurada; 

­a    contribuinte,  indicando  perito  e  citando  quesitos,  requereu  perícia,  nos 

termos do art. 16, IV, do decreto n°70.235, de 1972; 

­  a  cobrança  referente  ao  mês  de  dezembro  de  cada  ano  era  indevida, 
porquanto em dito mês era efetuado o levantamento do RESULTADO DO EXERCÍCIO e do 
BALANÇO  PATRIMONIAL  –  momento  em  que  não  prevalece  a  ESTIMATIVA,  mas  o 
próprio resultado do exercício; 

­ se as antecipações calculadas e devidas, até 30 de novembro, atingiam, em 
todos os exercícios, a valores que ultrapassavam a CSLL incidente sobre o resultado, em 31 de 
dezembro  daqueles  anos,  é  de  se  concluir  que  a  empresa  não  deixou  de  recolher  mas 
simplesmente utilizou o próprio resultado do exercício em 31 de dezembro, para suspender o 
recolhimento, aliás, como faculta a legislação; 

­  com  base  no  art.  150,  §  4°,  do  CTN,  alegou­se,  ainda,  a  decadência  dos 
valores das multas lançadas para os meses de janeiro a novembro de 1997, tendo em vista que a 
ciência do lançamento somente se efetivou novembro de 2002. 

A  2ª  TURMA  –  DRJ  EM  BELO  HORIZONTE  –  MG,  ao  julgar  a 
impugnação  apresentada,  manteve  parcialmente  o  lançamento  infirmado,  ementando  sua 
decisão nos seguintes termos: 

 
“ASSUNTO:  PROCESSO  ADMINISTRATIVO  FISCAL 
Ano­calendário: 1997, 1998, 1999, 2000, 2001 
Preliminar de nulidade. 
Rejeita­se a preliminar  de nulidade invocada pela defesa, 
quando  não  houve  cerceamento  do  direito  de  defesa  do 
autuado, 
tendo  sido  obedecidos  na  consecução  do 
lançamento  todos  os  requisitos  legais  inerentes  a  tal 
atividade. 
ASSUNTO: CONTRIBUIÇÃO SOCIAL SOBRE O LUCRO 
LÍQUIDO ­ CSLL 
Ano­calendário: 1997, 1998, 1999, 2000, 2001 
Recolhimento da CSLL Estimativa. 
A  pessoa  jurídica,  optante  pela  apuração  da  CSLL,  com 
base  no  lucro  real  anual,  deve  promover  o  recolhimento 
das  estimativas  mensais,  na  forma  da  lei  (com  base  na 
receita bruta e acréscimos), mesmo que ao final do período 
(31 de dezembro) apure base de cálculo negativa. 
Multa Isolada. Falta de Recolhimento das Estimativas. 

 

 

3

DF  CARF MF

Processo nº 16707.003173/2002­32 
Acórdão n.º 1803­000.539 

 

Fl. 4

S1­TE03 
Fl. 4 

 

A  falta  de  recolhimento  das  estimativas,  na  forma  da  lei, 
enseja  a  aplicação  de  penalidade,  no  percentual  de  50% 
(cinqüenta por cento), exigida isoladamente, sobre o valor 
do pagamento mensal, não efetuado. 
Retroatividade Benigna. 
A  lei  aplica­se a  ato  ou  fato  pretérito,  tratando­se  de  ato 
não definitivamente julgado, quando lhe comine penalidade 
menos severa que a prevista na lei vigente ao tempo de sua 
prática. 
Lançamento Procedente em Parte.” 
 
Cientificado da decisão em 09/09/2008, interpôs o contribuinte recurso a este 
conselho,  em  07/10/2008,  aduzindo  razões  de  mérito  similares  às  apresentadas  em  primeiro 
grau administrativo. 

É o relatório do essencial. 
 

Voto            

Dele conheço. 

Conselheiro BENEDICTO CELSO BENÍCIO JUNIOR, Relator: 
 
O recurso é tempestivo e atende aos pressupostos legais para seu seguimento. 

das estimativas de CSLL pertinentes aos anos­calendários de 1997 a 2001. 

Cuida­se de imposição de multa isolada, derivada do recolhimento a menor 

O agente autuante, em seu trabalho, procedeu à recomposição dos valores de 
estimativas  devidos  nos  citados  anos­base,  cotejando  as  cifras  computadas  com  aquelas 
efetivamente  recolhidas  pelo  contribuintes,  descritas  em  DIPJ.  Procedeu  ele,  então,  à 
contabilização  dos  saldos  em  aberto,  empregados  como  base  para  a  imposição  da  sanção 
preceituada pelo artigo 44, II, b, da Lei nº 9.430/96. 

A  imposição  da  penalidade  em  debate  foi  cientificada  à  recorrente  em 
16/11/2002  –  depois,  portanto,  de  findo  os  anos­calendários  fiscalizados.  Em  virtude  disso, 
parece­nos  não  ser  possível  a  incondicionada  impingência  da multa  isolada intentada,  sendo 
imperioso, antes de tudo, que haja a perscrutação das circunstâncias que orbitam as apurações 
em tela. Passemos, portanto, a este mister, para fins de análise da legalidade ou da ilegalidade 
das exigências ora cuidadas. 

Conforme  sedimentada  exegese  deste  colegiado,  o  regime  de  estimativas 
representa mero mecanismo legal de adiantamento dos tributos. Noutras palavras, a quitação, 
mês a mês, de valor estimado, calculado sobre as receitas brutas parciais, configura simples 
adiantamento  de  pecúnia,  em  prol  do  Fisco,  impassível  de  confusão  com  o  definitivo 
recolhimento das exações. 

Os  montantes  de  CSLL  efetivamente  devidos,  assim,  só  são  consolidados, 
complexivamente, ao fim do período de apuração. Deles se pode deduzir, por óbvio, os valores 
estimados pagos, na forma garantida pela legislação. 

 

 

4

DF  CARF MF

Processo nº 16707.003173/2002­32 
Acórdão n.º 1803­000.539 

 

Fl. 5

S1­TE03 
Fl. 5 

 

Em face dessas ilações, é cristalino o entendimento de que, uma vez findo o 
ano­base,  não  há  mais  razão  para  se cogitar  do  recolhimento  das  estimativas.  Estas,  noutras 
palavras, tão­logo se apure o montante de contribuição a recolher, perdem seu objeto, restando 
inócuas as obrigações referentes ao seu pagamento. 

Não obstante isso, entendo válida, mesmo depois de depois de findo o ano­
calendário  correlato,  a  cominação  da  multa  isolada  derivada  do  não  recolhimento  das 
estimativas  mensais.  Este  posicionamento,  todavia,  deve  ser  excetuado  sempre  que  as  cifras 
antecipadas, ainda que menores que as efetivamente devidas, sejam suficientes para cobrir o 
montante de CSLL complexivamente computado, ao final do ano­calendário. 

abaixo reproduzidas: 

Neste  diapasão  viceja  a  jurisprudência  deste  Conselho,  conforme  ementas 

­ 

ISOLADA 

RECOLHIMENTO 

 
“CSLL  ­  MULTA  ISOLADA  ­  ESTIMATIVAS  ­  ANOS 
CALENDÁRIOS  JÁ  ENCERRADOS  ­  LIMITE  ­  Após  o 
encerramento  do  ano­calendário,  a  base  de  cálculo  para 
efeito  de  aplicação  da  multa  isolada,  tem  como  limite  os 
saldos  do  imposto  a  pagar  na  declaração  de  ajuste,  não 
sendo  cabível,  a  sua  imposição  no  valor  que  excede  o 
ajuste,  conforme  jurisprudência  da  Câmara  Superior  de 
Recursos Fiscais. (Ac. 1º CC – 107­09.321/08)” 
 
POR 
“MULTA 
ESTIMATIVA  ­  Encerrado  o  período  de  apuração,  não 
procede  a  cominação  de  multa  isolada  sobre  eventuais 
diferenças  das  estimativas  não  recolhidas  no  vencimento, 
ao longo do ano­calendário correspondente, pois, a partir 
de  seu 
tributo 
efetivamente  devido,  apurado  na  DIPJ  apresentada 
tempestivamente. (Ac. 1º CC – 103­22.937/07)” 
 
“IRPJ  ­  MULTA  ISOLADA  ­  ESTIMATIVAS  ­  ANOS 
CALENDÁRIOS  JÁ  ENCERRADOS  ­  LIMITE  ­  Após  o 
encerramento  do  ano­calendário,  a  base  de  cálculo  para 
efeito  de  aplicação  da  multa  isolada,  tem  como  limite  os 
saldos  do  imposto  a  pagar  na  declaração  de  ajuste,  não 
sendo  cabível,  a  sua  imposição  no  valor  que  excede  o 
ajuste. (Ac. 1º CC – 107­09.071/07)” 
 
Analisando as DIPJ’s dos anos­base de 1997 a  2001 (fichas de fls. 79,  94, 
107,  118  e  129),  é  de  fácil  percepção  o  fato  de  os  recolhimentos  estimados  superarem,  em 
muito, os montantes de contribuição devidos, consolidados ao cabo dos exercícios. Houve, sim, 
pagamentos  suficientes  à  cobertura  dos  passivos  complexivamente  apurados,  ainda  que 
realizados  segundo  proporções  menores  que  as  definidas  em  lei.  Eventuais  faltas  de 
recolhimento deveriam ter sido cobradas no curso dos próprios períodos de apuração, quando 

término,  prevalece  a  exigência  do 

 

 

5

DF  CARF MF

Processo nº 16707.003173/2002­32 
Acórdão n.º 1803­000.539 

Fl. 6

S1­TE03 
Fl. 6 

 

 
ainda não se tinha consolidado o montante de CSLL devido, sob pena de desvirtuamento do 
mecanismo de antecipações estimadas. 

É  de  se  ressaltar  que  a  averiguação  de  eventuais  claudicações  materiais, 
cometidas  pela  declarante,  não  prejudica  o  entendimento  ora  esposado.  Estes  erros  são 
facilmente superáveis de ofício, vez não interferirem com os demais dados relatados em DIPJ. 

  
Isto posto, DOU PROVIMENTO ao recurso, para cancelar as multas isoladas 
cominadas,  relativas  a  recolhimentos  insuficientes  de  estimativas  de  CSLL  pertinentes  aos 
anos­calendários de 1997 a 2001. 

 
Sala das Sessões, em 05 de agosto de 2010 
 
( 

 

           

           

 

 

 

6

"
./pdfs/3.PDF,CONSELHO ADMINISTRATIVO DE RECURSOS FISCAIS ,16707.003173/2002­32 ,"Assunto: Contribuição Social sobre o Lucro Líquido – CSLL 
Exercícios: 1998 a 2002 
Ementa:  CSLL  ­  MULTA  ISOLADA  ­  ESTIMATIVAS  ­  ANOS 
CALENDÁRIOS JÁ ENCERRADOS ­ LIMITE ­ Após o encerramento do 
ano­calendário, a base de cálculo para efeito de  aplicação da multa isolada 
tem como limite os saldos da contribuição a pagar na declaração de ajuste, 
não  sendo  cabível  a  sua  imposição  no  valor  que  exceder  a  este,  conforme 
jurisprudência da Câmara Superior de Recursos Fiscais. 
 

 
Vistos, relatados e discutidos os presentes autos. ","Assunto: Contribuição Social sobre o Lucro Líquido – CSLL 
Exercícios: 1998 a 2002 
Ementa:  CSLL  ­  MULTA  ISOLADA  ­  ESTIMATIVAS  ­  ANOS 
CALENDÁRIOS JÁ ENCERRADOS ­ LIMITE ­ Após o encerramento do 
ano­calendário, a base de cálculo para efeito de  aplicação da multa isolada 
tem como limite os saldos da contribuição a pagar na declaração de ajuste, 
não  sendo  cabível  a  sua  imposição  no  valor  que  exceder  a  este,  conforme 
jurisprudência da Câmara Superior de Recursos Fiscais. 
 

 
Vistos, relatados e discutidos os presentes autos. 
ACORDAM os membros da 3ª Turma Especial da PRIMEIRA SEÇÃO DE 
JULGAMENTO,  por  maioria  de  votos,  DAR  PROVIMENTO  ao  recurso,  nos  termos  do 
relatório  e  voto  que  passam  a  integrar  o  presente  julgado.  Vencido  o  Conselheiro  Sérgio 
Rodrigues Mendes. 

 
( 

 

 

1

DF  CARF MF

Processo nº 16707.003173/2002­32 
Acórdão n.º 1803­000.539 

 

 

S1­TE03 
Fl. 2 

 

Participaram  do  presente  julgamento  os  Conselheiros  Selene  Ferreira  de 
Moraes, Benedicto Celso Benício Júnior, Walter Adolfo Maresch, Marcelo Fonseca Vicentini e 
Sérgio Rodrigues Mendes. 

 

Relatório 

 
Contra o contribuinte, pessoa jurídica já qualificada nos autos, foi lavrado o 
auto de infração de fls. 27/29, que exige multa isolada, no valor total de R$ 15.217,40, por falta 
de recolhimento das antecipações da CSLL, durante os anos­calendário de 1997 a 2001. 

Na descrição dos fatos, a Fiscalização, considerando a opção da contribuinte 
pela apuração do lucro real anual, relatou que procedeu ao levantamento das bases de cálculo 
da Contribuição Social sobre o Lucro Líquido – Mensal por Estimativa, com base na receita 
bruta e acréscimos, cujos valores estão contidos no demonstrativo (fls. 35/40): ""Composição da 
Base  de  Cálculo  ­  (Apuração  Sintética).  Nesse  demonstrativo,  encontram­se  indicados  os 
valores das receitas mensais auferidas pela empresa. 

Conhecidas as bases de cálculo, foram apurados os valores devidos da CSLL 
Estimativa, que estão contidos no demonstrativo ""Apuração de Débito"" (fls. 41/46), que ainda 
contém os valores dos débitos declarados em DCTF. 

Foram  considerados  todos  os  pagamentos  por  estimativa  efetuados  pelo 

contribuinte, indicados no demonstrativo de ""Pagamentos"" (fls. 47/48). 

Também foram consideradas as compensações referentes ao saldo negativo 
de períodos anteriores e a de 1/3 da COFINS (ano­calendário 1999), conforme demonstrativo 
""Compensação (sem DARF)"" (fls. 49/51). 

A  seguir,  considerando  os  valores  devidos,  declarados  em  DCTF,  pagos  e 
compensados, o Fisco elaborou o ""Demonstrativo de Situação Fiscal Apurada"" (fls. 52/57), no 
qual consta o levantamento das diferenças da CSLL Estimativa devidas pelo contribuinte – ou 
seja, as diferenças não recolhidas nos seus vencimentos nem declaradas em DCTF. 

Considerando, ainda, que o contribuinte efetuou a apuração  e recolhimento 
da CSLL com base no lucro real anual, não cabendo a cobrança da contribuição já recolhida, 
efetuou­se a cobrança de multa isolada correspondente a 75% dos valores das antecipações não 
recolhidos,  nos  termos  da  legislação  então  vigente,  cujos  valores  foram  apurados  na  última 
coluna do ""Demonstrativo de Situação Fiscal Apurada"" (fls. 52/57). 

Tendo sido dele cientificado, em 19/11/2002, o  sujeito passivo contestou o 
lançamento, em 17/12/2002, mediante o instrumento de fls. 429/452. Adiante compendiam­se 
suas razões: 

­ em 20 de novembro de 2002, logo após ter sido notificada do lançamento, 
providenciou  para  obtenção  de  cópias  dos  autos  que  formavam  as  três  exigências  nos 
correspondentes processos. Todavia, diz, em razão da morosidade na formação dos autos pela 
repartição de origem, que somente conseguiu as referidas cópias em 11 de dezembro de 2002. 
Sendo assim, salientou que o prazo para elaboração da impugnação ficou restrito a 07 (sete) 
dias, dos 30 (trinta) que a lei lhe confere. Diante disso, requereu, por motivo de força maior, a 
juntada posterior de documentos imprescindíveis ao julgamento do litígio, conforme autorizava 
o art. 16, § 4º, ""a"", c,/c § 5º; 

­ a acusação inserta no auto de infração é muito clara e objetiva: a empresa 
deixou  de  recolher,  nos  meses  mencionados,  valores  relativos  à  ESTIMATIVA  DA  CSLL, 
totalizando R$ 19.127,56, no período de 1997 a 2002. A resposta à acusação também se revela 
objetiva  e  contundente:  não  existem  quaisquer  diferenças  não  recolhidas,  a  título  de 

 

 

2

DF  CARF MF

Processo nº 16707.003173/2002­32 
Acórdão n.º 1803­000.539 

Fl. 3

S1­TE03 
Fl. 3 

 

 
ESTIMATIVA  DA  CSLL,  nos  períodos  mencionados.  A  prova  dessa  assertiva  reside  no 
confronto entre a CSLL devida anualmente e as antecipações devidas, período por período; 

­ em todos os períodos os VALORES DAS ANTECIPAÇÕES ultrapassam a 
CSLL  DEVIDA,  desde  1995  a  2001,  resultando  em  SALDO  NEGATIVO  DA  CSLL,  a 
compensar.  Por  esse  motivo,  não  há  que  se  falar  em  FALTA  DE  RECOLHIMENTO  DAS 
ANTECIPAÇÕES, porquanto a empresa dispunha, desde 1994, de CRÉDITOS FISCAIS, que 
ultrapassavam aos valores das antecipações como não recolhidas; 

­  a  empresa  RECOLHEU,  A  MAIOR,  CSLL  em  todos  os  exercícios, 

dispondo de crédito suficiente para compensar as ditas diferenças; 

­  a  impugnante  citou  acórdãos  do  extinto  Conselho  de  Contribuintes,  no 
sentido que encerrado o período de apuração da contribuição, a exigência de recolhimentos por 
estimativa deixou de ter sua eficácia, prevalecendo a exigência da contribuição efetivamente 
devida e apurada; 

­a    contribuinte,  indicando  perito  e  citando  quesitos,  requereu  perícia,  nos 

termos do art. 16, IV, do decreto n°70.235, de 1972; 

­  a  cobrança  referente  ao  mês  de  dezembro  de  cada  ano  era  indevida, 
porquanto em dito mês era efetuado o levantamento do RESULTADO DO EXERCÍCIO e do 
BALANÇO  PATRIMONIAL  –  momento  em  que  não  prevalece  a  ESTIMATIVA,  mas  o 
próprio resultado do exercício; 

­ se as antecipações calculadas e devidas, até 30 de novembro, atingiam, em 
todos os exercícios, a valores que ultrapassavam a CSLL incidente sobre o resultado, em 31 de 
dezembro  daqueles  anos,  é  de  se  concluir  que  a  empresa  não  deixou  de  recolher  mas 
simplesmente utilizou o próprio resultado do exercício em 31 de dezembro, para suspender o 
recolhimento, aliás, como faculta a legislação; 

­  com  base  no  art.  150,  §  4°,  do  CTN,  alegou­se,  ainda,  a  decadência  dos 
valores das multas lançadas para os meses de janeiro a novembro de 1997, tendo em vista que a 
ciência do lançamento somente se efetivou novembro de 2002. 

A  2ª  TURMA  –  DRJ  EM  BELO  HORIZONTE  –  MG,  ao  julgar  a 
impugnação  apresentada,  manteve  parcialmente  o  lançamento  infirmado,  ementando  sua 
decisão nos seguintes termos: 

 
“ASSUNTO:  PROCESSO  ADMINISTRATIVO  FISCAL 
Ano­calendário: 1997, 1998, 1999, 2000, 2001 
Preliminar de nulidade. 
Rejeita­se a preliminar  de nulidade invocada pela defesa, 
quando  não  houve  cerceamento  do  direito  de  defesa  do 
autuado, 
tendo  sido  obedecidos  na  consecução  do 
lançamento  todos  os  requisitos  legais  inerentes  a  tal 
atividade. 
ASSUNTO: CONTRIBUIÇÃO SOCIAL SOBRE O LUCRO 
LÍQUIDO ­ CSLL 
Ano­calendário: 1997, 1998, 1999, 2000, 2001 
Recolhimento da CSLL Estimativa. 
A  pessoa  jurídica,  optante  pela  apuração  da  CSLL,  com 
base  no  lucro  real  anual,  deve  promover  o  recolhimento 
das  estimativas  mensais,  na  forma  da  lei  (com  base  na 
receita bruta e acréscimos), mesmo que ao final do período 
(31 de dezembro) apure base de cálculo negativa. 
Multa Isolada. Falta de Recolhimento das Estimativas. 

 

 

3

DF  CARF MF

Processo nº 16707.003173/2002­32 
Acórdão n.º 1803­000.539 

 

Fl. 4

S1­TE03 
Fl. 4 

 

A  falta  de  recolhimento  das  estimativas,  na  forma  da  lei, 
enseja  a  aplicação  de  penalidade,  no  percentual  de  50% 
(cinqüenta por cento), exigida isoladamente, sobre o valor 
do pagamento mensal, não efetuado. 
Retroatividade Benigna. 
A  lei  aplica­se a  ato  ou  fato  pretérito,  tratando­se  de  ato 
não definitivamente julgado, quando lhe comine penalidade 
menos severa que a prevista na lei vigente ao tempo de sua 
prática. 
Lançamento Procedente em Parte.” 
 
Cientificado da decisão em 09/09/2008, interpôs o contribuinte recurso a este 
conselho,  em  07/10/2008,  aduzindo  razões  de  mérito  similares  às  apresentadas  em  primeiro 
grau administrativo. 

É o relatório do essencial. 
 

Voto            

Dele conheço. 

Conselheiro BENEDICTO CELSO BENÍCIO JUNIOR, Relator: 
 
O recurso é tempestivo e atende aos pressupostos legais para seu seguimento. 

das estimativas de CSLL pertinentes aos anos­calendários de 1997 a 2001. 

Cuida­se de imposição de multa isolada, derivada do recolhimento a menor 

O agente autuante, em seu trabalho, procedeu à recomposição dos valores de 
estimativas  devidos  nos  citados  anos­base,  cotejando  as  cifras  computadas  com  aquelas 
efetivamente  recolhidas  pelo  contribuintes,  descritas  em  DIPJ.  Procedeu  ele,  então,  à 
contabilização  dos  saldos  em  aberto,  empregados  como  base  para  a  imposição  da  sanção 
preceituada pelo artigo 44, II, b, da Lei nº 9.430/96. 

A  imposição  da  penalidade  em  debate  foi  cientificada  à  recorrente  em 
16/11/2002  –  depois,  portanto,  de  findo  os  anos­calendários  fiscalizados.  Em  virtude  disso, 
parece­nos  não  ser  possível  a  incondicionada  impingência  da multa  isolada intentada,  sendo 
imperioso, antes de tudo, que haja a perscrutação das circunstâncias que orbitam as apurações 
em tela. Passemos, portanto, a este mister, para fins de análise da legalidade ou da ilegalidade 
das exigências ora cuidadas. 

Conforme  sedimentada  exegese  deste  colegiado,  o  regime  de  estimativas 
representa mero mecanismo legal de adiantamento dos tributos. Noutras palavras, a quitação, 
mês a mês, de valor estimado, calculado sobre as receitas brutas parciais, configura simples 
adiantamento  de  pecúnia,  em  prol  do  Fisco,  impassível  de  confusão  com  o  definitivo 
recolhimento das exações. 

Os  montantes  de  CSLL  efetivamente  devidos,  assim,  só  são  consolidados, 
complexivamente, ao fim do período de apuração. Deles se pode deduzir, por óbvio, os valores 
estimados pagos, na forma garantida pela legislação. 

 

 

4

DF  CARF MF

Processo nº 16707.003173/2002­32 
Acórdão n.º 1803­000.539 

 

Fl. 5

S1­TE03 
Fl. 5 

 

Em face dessas ilações, é cristalino o entendimento de que, uma vez findo o 
ano­base,  não  há  mais  razão  para  se cogitar  do  recolhimento  das  estimativas.  Estas,  noutras 
palavras, tão­logo se apure o montante de contribuição a recolher, perdem seu objeto, restando 
inócuas as obrigações referentes ao seu pagamento. 

Não obstante isso, entendo válida, mesmo depois de depois de findo o ano­
calendário  correlato,  a  cominação  da  multa  isolada  derivada  do  não  recolhimento  das 
estimativas  mensais.  Este  posicionamento,  todavia,  deve  ser  excetuado  sempre  que  as  cifras 
antecipadas, ainda que menores que as efetivamente devidas, sejam suficientes para cobrir o 
montante de CSLL complexivamente computado, ao final do ano­calendário. 

abaixo reproduzidas: 

Neste  diapasão  viceja  a  jurisprudência  deste  Conselho,  conforme  ementas 

­ 

ISOLADA 

RECOLHIMENTO 

 
“CSLL  ­  MULTA  ISOLADA  ­  ESTIMATIVAS  ­  ANOS 
CALENDÁRIOS  JÁ  ENCERRADOS  ­  LIMITE  ­  Após  o 
encerramento  do  ano­calendário,  a  base  de  cálculo  para 
efeito  de  aplicação  da  multa  isolada,  tem  como  limite  os 
saldos  do  imposto  a  pagar  na  declaração  de  ajuste,  não 
sendo  cabível,  a  sua  imposição  no  valor  que  excede  o 
ajuste,  conforme  jurisprudência  da  Câmara  Superior  de 
Recursos Fiscais. (Ac. 1º CC – 107­09.321/08)” 
 
POR 
“MULTA 
ESTIMATIVA  ­  Encerrado  o  período  de  apuração,  não 
procede  a  cominação  de  multa  isolada  sobre  eventuais 
diferenças  das  estimativas  não  recolhidas  no  vencimento, 
ao longo do ano­calendário correspondente, pois, a partir 
de  seu 
tributo 
efetivamente  devido,  apurado  na  DIPJ  apresentada 
tempestivamente. (Ac. 1º CC – 103­22.937/07)” 
 
“IRPJ  ­  MULTA  ISOLADA  ­  ESTIMATIVAS  ­  ANOS 
CALENDÁRIOS  JÁ  ENCERRADOS  ­  LIMITE  ­  Após  o 
encerramento  do  ano­calendário,  a  base  de  cálculo  para 
efeito  de  aplicação  da  multa  isolada,  tem  como  limite  os 
saldos  do  imposto  a  pagar  na  declaração  de  ajuste,  não 
sendo  cabível,  a  sua  imposição  no  valor  que  excede  o 
ajuste. (Ac. 1º CC – 107­09.071/07)” 
 
Analisando as DIPJ’s dos anos­base de 1997 a  2001 (fichas de fls. 79,  94, 
107,  118  e  129),  é  de  fácil  percepção  o  fato  de  os  recolhimentos  estimados  superarem,  em 
muito, os montantes de contribuição devidos, consolidados ao cabo dos exercícios. Houve, sim, 
pagamentos  suficientes  à  cobertura  dos  passivos  complexivamente  apurados,  ainda  que 
realizados  segundo  proporções  menores  que  as  definidas  em  lei.  Eventuais  faltas  de 
recolhimento deveriam ter sido cobradas no curso dos próprios períodos de apuração, quando 

término,  prevalece  a  exigência  do 

 

 

5

DF  CARF MF

Processo nº 16707.003173/2002­32 
Acórdão n.º 1803­000.539 

Fl. 6

S1­TE03 
Fl. 6 

 

 
ainda não se tinha consolidado o montante de CSLL devido, sob pena de desvirtuamento do 
mecanismo de antecipações estimadas. 

É  de  se  ressaltar  que  a  averiguação  de  eventuais  claudicações  materiais, 
cometidas  pela  declarante,  não  prejudica  o  entendimento  ora  esposado.  Estes  erros  são 
facilmente superáveis de ofício, vez não interferirem com os demais dados relatados em DIPJ. 

  
Isto posto, DOU PROVIMENTO ao recurso, para cancelar as multas isoladas 
cominadas,  relativas  a  recolhimentos  insuficientes  de  estimativas  de  CSLL  pertinentes  aos 
anos­calendários de 1997 a 2001. 

 
Sala das Sessões, em 05 de agosto de 2010 
 
( 

 

           

           

 

 

 

6

"
